Business,City,URL,Review status
A & D Rivar Construction LLC,Largo,https://buildittoday.ai/a-d-rivar-construction,pending
"American Construction & Assembly Services, LLC",Hudson,https://buildittoday.ai/american-construction-assembly-services,pending
Ayiti Prestij Exotic Rentals LLC,Deerfield Beach,https://buildittoday.ai/ayiti-prestij-exotic-rentals,pending
"Beachin Cleans & Maintenance, LLC",Panama City Beach,https://buildittoday.ai/beachin-cleans-maintenance,pending
Beauty Layne By Maggie LLC,Lake City,https://buildittoday.ai/beauty-layne-by-maggie,pending
Bloodline Entertainment LLC,Bradenton,https://buildittoday.ai/bloodline-entertainment,pending
"Bubba & Duck's, LLC",Sarasota,https://buildittoday.ai/bubba-ducks,pending
C Notes Entertainment LLC,Middleburg,https://buildittoday.ai/c-notes-entertainment,pending
"Carter Legacy Logistics, LLC",Melbourne,https://buildittoday.ai/carter-legacy-logistics,pending
"Concretation, LLC",Clermont,https://buildittoday.ai/concretation,pending
"Cosmic Adventures Travel Company, LLC",Jacksonville,https://buildittoday.ai/cosmic-adventures-travel-company,pending
Ebenstone Technical Solutions LLC,Naples,https://buildittoday.ai/ebenstone-technical-solutions,pending
"Elevated Mobile Exterior Solutions, LLC",Wildwood,https://buildittoday.ai/elevated-mobile-exterior-solutions,pending
Gold Standard Insulation LLC,Cape Coral,https://buildittoday.ai/gold-standard-insulation,pending
"Gulf Shield Board-up, LLC.",Milton,https://buildittoday.ai/gulf-shield-board-up,pending
Hoa Tech Advisors LLC,Panama City,https://buildittoday.ai/hoa-tech-advisors,pending
Image Medspa And Wellness LLC,Davie,https://buildittoday.ai/image-medspa-and-wellness,pending
Ironbuilt Contracting LLC,Lake City,https://buildittoday.ai/ironbuilt-contracting,pending
Lakeland Birth And Gynecology LLC,Lakeland,https://buildittoday.ai/lakeland-birth-and-gynecology,pending
Lange Marine LLC,Fort Lauderdale,https://buildittoday.ai/lange-marine,pending
Loca Preowned Automotive LLC,Crystal River,https://buildittoday.ai/loca-preowned-automotive,pending
Merritt Based Consulting LLC,Tampa,https://buildittoday.ai/merritt-based-consulting,pending
Mia Casa Signature LLC,Miami,https://buildittoday.ai/mia-casa-signature,pending
Mobile Mechanic Brothers LLC,Fountain,https://buildittoday.ai/mobile-mechanic-brothers,pending
Nguyen Nails Service INC,Tampa,https://buildittoday.ai/nguyen-nails-service,pending
No Grime Left Behind LLC,Wellington,https://buildittoday.ai/no-grime-left-behind,pending
Omar Construction Naples INC,Naples,https://buildittoday.ai/omar-construction-naples,pending
Orion Property Maintenance LLC,Miami,https://buildittoday.ai/orion-property-maintenance,pending
Pema Spa Sarasota LLC,Sarasota,https://buildittoday.ai/pema-spa-sarasota,pending
"Phantom Playbook, LLC",Gainesville,https://buildittoday.ai/phantom-playbook,pending
"Precise Remodeling Solutions, LLC",Geneva,https://buildittoday.ai/precise-remodeling-solutions,pending
"Probond Construction, LLC",Jacksonville,https://buildittoday.ai/probond-construction,pending
"Sabal Sweets, LLC",Punta Gorda,https://buildittoday.ai/sabal-sweets,pending
Sage And Hound LLC,Bradenton,https://buildittoday.ai/sage-and-hound,pending
Salty State Clothing LLC,New Smyrna Beach,https://buildittoday.ai/salty-state-clothing,pending
Skin By Yeni INC,Hialeah,https://buildittoday.ai/skin-by-yeni,pending
"Solefullie, LLC",Clermont,https://buildittoday.ai/solefullie,pending
Swiftkeys LLC,Tampa,https://buildittoday.ai/swiftkeys,pending
Tanya Marie Restaurant Marketing LLC,Clermont,https://buildittoday.ai/tanya-marie-restaurant-marketing,pending
"Tim Todd Consulting, LLC",Winter Haven,https://buildittoday.ai/tim-todd-consulting,pending
"Trucore It, LLC",Tampa,https://buildittoday.ai/trucore-it,pending
Tws Color Services LLC,Edgewater,https://buildittoday.ai/tws-color-services,pending
Vitalume LLC,Port Saint Lucie,https://buildittoday.ai/vitalume,pending
